gender,avg_duration_minutes
Female,8.496804124641379
Male,7.977008429025278
